文章id,标题,副标题,发表时间,来源,版面,摘要,链接
1000032420135,国际护士节 倾听一线护士的心愿,,2022-05-12 09:13:00,,#滚动新闻#健康·生活#原创稿件#,他们，有一个美丽的名字——护士。  护士是一个神圣的职业，被称为“白衣天使”。他们白衣执甲、护佑生命，用暖心的陪伴、精神的支持、周到的护理点亮生命之光，谱写出一曲曲感天动地的生命之歌。人民网记者采访了8位奋战在一线的护士，让我们一起倾听他们的心愿。                    （设计制作：实习生李佳悦）,http://health.people.com.cn/n1/2022/0512/c14739-32420135.html
2000040133881,护士妻子给护士丈夫过了一个特殊的生日,,2022-09-21 19:22:54,,#山东频道#滚动新闻#社会法治#,人民网青岛9月21日电 “祝你生日快乐……”9月20日，在隔离酒店的餐厅，同为护士的刘晴为丈夫刘振订了一碗生日面，用最简单的方式，陪他度过了一个特别的生日。  刘振在隔离酒店餐厅度过一个特别的生日。急诊科护士刘振第一时间主动报名，而他的妻子——保健内分泌科护士刘晴，也在这支医疗队中。  刘振和刘晴在核酸检测工作中。,http://sd.people.com.cn/n2/2022/0921/c386900-40133881.html
2000035264060,国际护士节|重庆注册护士总数达10.94万人,,2022-05-11 18:30:00,,#原创#陈琦#健康#,       人民网重庆5月11日电 （陈琦）5月12日是第111个国际护士节，来自重庆市卫生健康委数据显示，“十三五”期间，重庆护理事业快速发展，全市注册护士总数达10.94万人，每千人口护士3.35人，医护比达1:1.37，较“十二五”末分别增长49.59%、44.40%、19.13%。  　　据重庆市卫健委相关负责人介绍，全市具有大专以上学历的护士占总卫生技术人员的75.99%，优于全国平均水平。此外，专科护理能力比此前更强，截至“十三五”末，重庆全市共建专科护士培训基地34个，包含老年、重症、康复、血液净化等专科，累计培养专科护士1.39万人，专科护士占比达13.4%，带动区域内专业护理水平持续提高院方供图   　   “十三五”期间，重庆还涌现出一大批优质护理示范医院、示范病房和示范个人和护理杰出贡献者，全社会“尊重护士、爱护护士”的和谐氛围日渐浓厚。,http://cq.people.com.cn/n2/2022/0511/c365401-35264060.html
2000035265052,国际护士节 | 上海10万护士与1.6万援沪护士奋战在抗疫一线,,2022-05-12 10:56:00,,#滚动新闻#社会| 法治#频道记者自创稿件#王文娟#上海频道#要闻#,人民网上海5月12日电 （王文娟）5月12日，上海举行疫情防控工作新闻发布会，上海市卫生健康委副主任赵丹丹介绍，今年5月12日是第111个国际护士节，今年我国护士节的主题是“关爱护士队伍，护佑人民健康”近年来，上海护士队伍持续发展壮大、队伍素质不断提升，护理服务能力持续提高、服务领域不断拓展。目前上海共有护士10.87万名，比2017年增加了2.47万名，其中30岁以下的护士占39.17%，中高级职称护士占20.4%，男护士占2.79%。赵丹丹介绍，在此次疫情中，上海10万余名护士、外省市援沪的1.6万余名护士，在抗击新冠疫情阻击战中发挥了生力军作用，他们既是妈妈、妻子和女儿，也是父亲、丈夫和儿子，他们舍小家，顾大家，不畏生死、白衣执甲冲锋在核酸采样,http://sh.people.com.cn/n2/2022/0512/c134768-35265052.html
1000032420107,5·12国际护士节特辑|护士的“十八般武艺”,,2022-05-12 09:02:00,,#健康·生活#原创稿件#行业热点#滚动新闻#,人民网北京5月12日电 （记者乔业琼、实习生王美力）5·12是国际护士节，今年我国护士节的主题是“关爱护士队伍，护佑人民健康”。“三分治疗，七分护理”，面对繁重的日常医疗和常态化的疫情防控双重工作，广大护士不辞辛劳、冲锋在前，在各自的岗位上练就了“十八般武艺”，为服务人民健康做出了重要贡献。10秒做完一例核酸  作为一名感染疾病科的护士，从新冠疫情暴发就一直坚守在抗疫一线，中日友好医院感染疾病科护士王苑说，在核酸采集过程中，既要采样到位，又要时刻保持防疫安全距离，难免会影响采集速度。更换尿不湿“独门秘籍”  上海长征医院妇产科护士肖兰兰说，疫情期间，大家不仅要守护孕产妇的身体健康和生命安全，更要照顾好新生儿的基础护理。用真诚微笑服务患者  首都医科大学宣武医院急诊科护士程萌说，疫情期间，不仅要保证急症患者尽早就医，更要早期发现潜在感染风险者，这对自己提出了更高的要求。,http://health.people.com.cn/n1/2022/0512/c14739-32420107.html
2000035264163,请不要叫我“男护士”,,2022-05-11 23:16:00,,#社会法治#本网专稿#自采稿件库#宋彤桐#编辑稿件统计#潘惠文#符武平#毛雷#海南新闻#人民网海南频道#孟凡盛#,海医一附院创伤ICU护士冯韬（左一）在给病人做护理。人民网 孟凡盛摄    海医一附院创伤ICU护士冯韬。人民网 符武平摄  “护士就是护士，不用刻意强调性别。”他们说。海医一附院护士符余吉（右一）给市民科普急救知识。受访者供图  “他们需要我”  “出生在四川，长大在内蒙，工作在海南。”培训活动现场，海医一附院护士符余吉给护士们讲解急救要领。从护理行业发展的角度而言，护士的职业上升空间也不断拓宽。“都说医生越老越吃香，其实现在护士也是这样的，经验丰富的护士非常珍贵；护理也随着发展有了很多细分方向，甚至还有专门的护理门诊，我们发挥作用的空间越来越大。”符余吉说。,http://hi.people.com.cn/n2/2022/0511/c231190-35264163.html
2000035265401,【国际护士节】湖南护士手绘漫画：记录护理工作的酸甜苦辣,,2022-05-12 15:16:00,,#文旅#,人民网长沙5月12日电 “我是一名护士，喜欢写写画画的一名护士。”在5.12国际护士节来临之际，湖南省儿童医院疑难综合病房主管护师詹蓉手绘了一组《护理日记》，以童趣的笔触，描述护理工作的酸甜苦辣。希望大众给予护士多一点宽容，多一点理解。（姚家琦、李雅雯）,http://hn.people.com.cn/n2/2022/0512/c356888-35265401.html
1000032485504,中国护士数量十年翻了一番,,2022-07-26 08:17:00,,#健康·生活#行业热点#滚动新闻#,党中央、国务院历来高度重视护理工作，强调要关心爱护广大护士，把加强护士队伍建设作为卫生健康事业发展重要的基础工作来抓。随着护士队伍数量的增长和能力的提升，护理质量不断改善，患者满意度持续提高，护士的服务领域也在不断拓展。  　　据郭燕红介绍，“十四五”时期护理事业发展的主要目标是：一方面加强护士队伍建设，包括护士数量的增长、护士能力的提升、护士积极性的调动，一方面拓展护理服务，让护理工作在各个领域更好地为人民健康服务，适应人民群众的健康需求在护士队伍建设方面，到2025年，全国的护士总数要达到550万，每千人口注册护士的数量要达到3.8人，医护比要达到1∶1.2。此外，增加护士数量的同时，通过培训提升护士的能力，并在护士分布当中，更多向基层倾斜。  　　,http://health.people.com.cn/n1/2022/0726/c14739-32485504.html
2000040053954,中国护士数量十年翻了一番,,2022-07-26 09:15:03,,#健康#,党中央、国务院历来高度重视护理工作，强调要关心爱护广大护士，把加强护士队伍建设作为卫生健康事业发展重要的基础工作来抓。随着护士队伍数量的增长和能力的提升，护理质量不断改善，患者满意度持续提高，护士的服务领域也在不断拓展。据郭燕红介绍，“十四五”时期护理事业发展的主要目标是：一方面加强护士队伍建设，包括护士数量的增长、护士能力的提升、护士积极性的调动，一方面拓展护理服务，让护理工作在各个领域更好地为人民健康服务，适应人民群众的健康需求在护士队伍建设方面，到2025年，全国的护士总数要达到550万，每千人口注册护士的数量要达到3.8人，医护比要达到1∶1.2。此外，增加护士数量的同时，通过培训提升护士的能力，并在护士分布当中，更多向基层倾斜。,http://gs.people.com.cn/n2/2022/0726/c183356-40053954.html
2000035265237,5·12国际护士节 璧山区评出15名“最美护士”,,2022-05-12 14:15:00,,#区县动态#,"护士被誉为“白衣天使”，是幸福和温暖的象征,是人们对护士的形象美和内在美的深情赞誉。胡峻：为患者提供力所能及的帮助    璧山区2022年“最美护士”胡峻。璧山区卫生健康委供图  　　胡峻，现任重庆市璧山区人民医院心内科导管室专科护士。璧山区卫生健康委供图  　　唐玲是璧山区中医院急诊与重症医学科的一名护士，从2014年成为一名护理人员至今，她始终以自己的实际行动践行着护士的天职。唐梦：愿做“开路先锋”，无愧“最美护士”    璧山区2022年“最美护士”唐梦。璧山区卫生健康委供图  　　唐梦从2018年起一直在璧山区疾控中心工作。为了提高护士的业务水平，她也不断加强自身学习，坚持每月为全院护士授课，定期开展查房讨论，增强专科护士的业务水平，护理质量不断提升，患者满意度获得较大提高。  　　",http://cq.people.com.cn/n2/2022/0512/c367642-35265237.html
1000032420602,我国护士数量已超五百万人,服务领域不断拓展，将进一步增加老年、社区、居家护理,2022-05-13 05:26:00,,#健康·生活#,护士队伍持续发展壮大。截至2021年底，我国护士队伍发展到501.8万人，比2012年增加约252万人，增幅达到101%。每千人口注册护士数量从2012年的1.85人增加到2021年的3.56人。护士队伍中具有大专学历以上的接近80%，护士队伍的整体素质和专业能力不断提升。　　护理的服务能力持续提高。通过持续开展优质护理服务活动、实施护士服务能力提升工程、护士全面落实责任制整体护理，护理质量不断改善，患者的满意度持续提高。　　护士的服务领域不断拓展。护士队伍的积极性得到一定调动。在深化医改的进程中，对护士的薪酬分配、职称晋升、奖励评优等，优先向一线和基层岗位倾斜，有效地调动了护士的积极性。2021年，在基层从事护理工作的护士数量达到115万人，与2012年时的52.8万人相比，增长了62万余人。男性护士的比例不断提升。2021年底，全国500多万护士当中，男性护士的比例达3%。　　,http://health.people.com.cn/n1/2022/0513/c14739-32420602.html
2000035266482,我国护士数量已超五百万人,服务领域不断拓展，将进一步增加老年、社区、居家护理,2022-05-13 09:03:51,,#陕西频道#国内#滚动新闻#,护士队伍持续发展壮大。截至2021年底，我国护士队伍发展到501.8万人，比2012年增加约252万人，增幅达到101%。每千人口注册护士数量从2012年的1.85人增加到2021年的3.56人。护士队伍中具有大专学历以上的接近80%，护士队伍的整体素质和专业能力不断提升。  护理的服务能力持续提高。通过持续开展优质护理服务活动、实施护士服务能力提升工程、护士全面落实责任制整体护理，护理质量不断改善，患者的满意度持续提高。  护士的服务领域不断拓展。护士队伍的积极性得到一定调动。在深化医改的进程中，对护士的薪酬分配、职称晋升、奖励评优等，优先向一线和基层岗位倾斜，有效地调动了护士的积极性。2021年，在基层从事护理工作的护士数量达到115万人，与2012年时的52.8万人相比，增长了62万余人。男性护士的比例不断提升。2021年底，全国500多万护士当中，男性护士的比例达3%。,http://sn.people.com.cn/n2/2022/0513/c186331-35266482.html
2000035266062,我国护士数量已超五百万人,服务领域不断拓展，将进一步增加老年、社区、居家护理,2022-05-13 08:06:36,,#社会#江西#,护士队伍持续发展壮大。截至2021年底，我国护士队伍发展到501.8万人，比2012年增加约252万人，增幅达到101%。每千人口注册护士数量从2012年的1.85人增加到2021年的3.56人。护士队伍中具有大专学历以上的接近80%，护士队伍的整体素质和专业能力不断提升。  　　护理的服务能力持续提高。通过持续开展优质护理服务活动、实施护士服务能力提升工程、护士全面落实责任制整体护理，护理质量不断改善，患者的满意度持续提高。  　　护士的服务领域不断拓展。护士队伍的积极性得到一定调动。在深化医改的进程中，对护士的薪酬分配、职称晋升、奖励评优等，优先向一线和基层岗位倾斜，有效地调动了护士的积极性。2021年，在基层从事护理工作的护士数量达到115万人，与2012年时的52.8万人相比，增长了62万余人。男性护士的比例不断提升。2021年底，全国500多万护士当中，男性护士的比例达3%。  　　,http://jx.people.com.cn/n2/2022/0513/c186330-35266062.html
1000032457056,赋予护士处方权将有效提升看病便捷性,,2022-06-27 08:02:55,,#观察评论#健康·生活#滚动新闻#,其中第六十四条借鉴欧美发达国家的做法，在全国率先赋予护士一定的处方权，规定取得专科护士证书的护士，在护理专科门诊或者社区健康服务机构开展执业活动时，可以开具检查、治疗、外用药的“处方”。但在基层，护士单独上门服务或实施医疗行为是常见现象，倘若护士只能遵循医生的处方行事，每次都得医护到齐才能诊疗，就不符合“护士需要放单”等基层医疗工作需要。而且，目前具有本科甚至研究生学历的护士越来越多，对于不复杂的诊疗，护士有开处方的能力，赋予护士一定的处方权，不仅必要，而且现实。  　　深圳市此次立法迈出了关键的第一步。立法赋予护士处方权，将为居家诊疗与护理扫除障碍。无论是家庭医生团队里的护士，还是社区护士、“网约护士”等，将来都有望成为社区居民家中的常客。护士处方权建立在专科护士制度的基础之上，而专科护士制度对于护士的专业能力和学历等，都提出了更高要求，但这正是基层医疗机构的一块短板。迈出第一步值得赞赏，迈好每一步更显可贵。,http://health.people.com.cn/n1/2022/0627/c14739-32457056.html
1000032420819,抗疫一线上的护士节,,2022-05-13 08:29:54,,#滚动新闻#社会·法治#,　　 5月12日是国际护士节，来自北京市各个医院的护士工作在抗击疫情第一线，努力阻击疫情蔓延。图为当日，在北京市朝阳区八里庄街道，一位护士准备为市民进行核酸采样。新华社记者 李欣摄,http://society.people.com.cn/n1/2022/0513/c1008-32420819.html
2000035265222,江津区中医院：不一样的护士节,,2022-05-12 14:07:21,,#区县动态#,　　护士的“护”是输液时配比药液的“锱铢必较”；是读监护仪上数值变化的“目不转睛”；是改善护理服务质量的“兢兢业业”……5月11日下午，江津区中医院在德感院区三楼小会议室举办了第111个国际护士节庆祝活动，护士人员们纷纷走上舞台通过汇报工作成果、表演抗疫情景剧、开展中医药美食比赛等过了一个不一样的护士节，充分展现了“白衣天使”的昂扬风采。护士们用中医“药食同源”理念，让“医院”与“美食”碰撞出精彩的火花。活动中，医院20个临床科室，通过中医药材+食材的形式，把普通美食加工成养生菜品进行展示。  　　江津区中医院护理部主任陈小娟介绍，活动最初的出发点是想打破常规，让护士们轻松过节，也希望以美食促学习，让护理人员更深入学习中医药知识，把“药食同源”理念科普给患者，“创意提出之后，得到了医院领导班子的一致认可会上，江津区中医院院长曾宏代表医院向全体护士致以节日的问候和崇高的敬意，向支持护理工作的家属表示感谢，并对接下来的护理工作提出了要求。医院副院长赖平宣读了2022年优秀护士获奖名单。  　　,http://cq.people.com.cn/n2/2022/0512/c367642-35265222.html
2000040193702,湖南援疆医疗队：17位男护士用心守护生命,,2022-11-14 11:34:57,,#新疆频道#地州#援疆潮涌#滚动新闻#新疆新闻#,他一边做，一边给自己的同事示范，“翻身也有标准，这样翻，护士省力，患者也感到舒适。”翟明达说，重症医学科的工作习惯和规范，他时刻都铭记在心。团队里的护士长殷俊，除做好护士的本职工作外，还是个“技术兵”。“喂，护士长，04床的血滤机在治疗过程中平衡没法启动，也没报警，现在怎么办？”一天深夜，殷俊接到病房值班护士打来的电话，他立刻从床上爬起来，通过仔细询问发现，这套管路已连续工作接近60个小时，机器的平衡误差已超过设置的安全范围。殷俊通过电话耐心指导值班护士：“自动停止治疗，更换新的配套管路。”值班护士一番操作后，机器重新正常运转。 护士许慧仙来自神经内科，任何时候，他都像大哥哥一样照顾身边的人。,http://xj.people.com.cn/n2/2022/1114/c186332-40193702.html
2000035266511,我国护士数量已超五百万人,服务领域不断拓展，将进一步增加老年、社区、居家护理,2022-05-13 09:07:08,,#湖北频道#新闻中心#民生万象#社会民生#,护士队伍持续发展壮大。截至2021年底，我国护士队伍发展到501.8万人，比2012年增加约252万人，增幅达到101%。每千人口注册护士数量从2012年的1.85人增加到2021年的3.56人。护士队伍中具有大专学历以上的接近80%，护士队伍的整体素质和专业能力不断提升。　　护理的服务能力持续提高。通过持续开展优质护理服务活动、实施护士服务能力提升工程、护士全面落实责任制整体护理，护理质量不断改善，患者的满意度持续提高。　　护士的服务领域不断拓展。护士队伍的积极性得到一定调动。在深化医改的进程中，对护士的薪酬分配、职称晋升、奖励评优等，优先向一线和基层岗位倾斜，有效地调动了护士的积极性。2021年，在基层从事护理工作的护士数量达到115万人，与2012年时的52.8万人相比，增长了62万余人。男性护士的比例不断提升。2021年底，全国500多万护士当中，男性护士的比例达3%。　　,http://hb.people.com.cn/n2/2022/0513/c194063-35266511.html
2000035266926,情景剧再现护士工作日常 重庆市红十字会医院开展护士节庆祝活动,,2022-05-13 10:42:00,,#区县动态#,刘林杰摄  　　活动中，医院领导为“最美大白”、“十佳护士”、“最佳协作集体奖”等获奖个人以及集体颁发荣誉证书、奖牌。“十佳护士”获奖者之一的秦端艳是医院消化内科的护士，成为护理工作者已经十余年。她表示作为一名新时代的护士必须具备专业、扎实的理论知识和过硬的技术水平，更要有甘于奉献的精神，为此她利用休息时间参加院内外学习、参加讲课比赛、技能操作比赛，不断提升自己的综合水平。,http://cq.people.com.cn/n2/2022/0513/c367642-35266926.html
2000034722857,护士节，男护士的“心语心愿”,贵阳三名“90后”男护士分享他们入行以来的苦与乐,2021-05-13 16:52:37,,#地方网群#社会民生#贵州卫体#贵州频道#采编人员信息统计#贵阳视窗#,在很多人的印象里，医院里的护士都是温柔耐心的“小姐姐”，实际上，近年来，越来越多的“小哥哥”进入了这个行业。截至2020年12月底，贵阳市的26882名护士中，男护士有1068人。“重症监护室里的病人，不同于普通病房的病人，作为护士，会经常牵挂着病人的生命安全。有时候，每隔10分钟，就要去查一遍病房，而且要随时加班收病人。”余斌说，在这里，男女护士一视同仁，同工同酬，基本没什么区别。  有时候，重症监护室的病人血氧饱和不好、生命体征很弱，家属很着急，不太理解护士的工作，有的甚至会责怪护士。余斌说，一个男生从事护士行业，其中一个大的压力就是来自家庭。不过，家人也有学医的，都比较理解他这个职业。血透室男护士石法星  患者和家属理解 再苦再累也值得  石法星已在医院工作两年，目前是该科室17个护士中唯一的男护士。数量唯一，但不可或缺。,http://gz.people.com.cn/n2/2021/0513/c357464-34722857.html
2000040182535,江西省中西医结合医院开展护士长夜值规范化培训,,2022-11-04 19:23:14,,#江西#社会#,夜间护理质量是护理安全管理的重要组成部分，护士长夜查房能有效缓解当班护士的压力，尤其是遇到突发事件时，能及时协调各科工作，弥补夜班护士少及低年资护士临床经验欠缺等一系列问题。,http://jx.people.com.cn/n2/2022/1104/c186330-40182535.html
1000032422653,澳门向73位护士颁发“长期服务奖”,,2022-05-16 11:27:00,,#港澳#富子梅#本网原创#科教文卫#港澳新闻滚动#,人民网澳门5月15日电 （记者富子梅）澳门特区卫生局在国际护士节之际，举办“长期服务奖嘉许典礼”，表彰服务澳门满20年的47位护士及服务满30年的26位护士，表达特区政府对她们工作成绩和奉献精神的肯定与赞扬“护士是医疗系统的重要组成部分，特别感谢长期从事护理专业工作达20年及30年的护士。”澳门卫生局局长罗奕龙表示。目前澳门15个类别的执业医疗人员约7000人，护士总数2756人，约占执业医疗人员总数的三分之一，每4名护士守护1000名澳门居民的健康。澳门的护士亦尽其所能，以最好的人文关怀精神，为澳门居民提供专业的护理服务。,http://hm.people.com.cn/n1/2022/0516/c42272-32422653.html
2000035232493,上海护士与江苏护士抗疫中在沪相逢,,2022-04-20 17:18:00,,#董志雯#频道记者自创稿件#上海频道#,来自同济大学附属东方医院的护士姜蕾蕾在完成科室内本职工作外，还积极报名参与医院组织的外出采核工作。从4月3日开始，她便驻扎在浦东陆家嘴街道，负责各社区的核酸大筛查与扫楼任务。梁慧在社区采核照  梁慧和姜蕾蕾一样，在江苏省盐城市滨海县第一人民医院脑外科任职护士。作为一名拥有8年党龄的老党员，在得知上海需要支援时，她毫不犹豫地在单位报名加入了江苏省援沪医疗队盐城滨海分队。,http://sh.people.com.cn/n2/2022/0420/c134768-35232493.html
2000040000977,贵港：护士执业注册“零材料”办理,,2022-06-19 08:53:29,,#广西要闻#,6月16日，贵港市某医院护理部工作人员梁燕华通过网络递交申报材料，完成了护士执业注册。据悉，这一模式在全区卫生健康部门尚属首创。5月19日，贵港市卫生健康委印发《护士执业注册“零材料”办理工作方案》，并通过政府门户网站等多种方式进行公告和宣传，目前有73名护士通过个人申请、医疗机构和卫生健康部门审批等网络申请和审核流程，完成了护士执业注册今年以来，贵港市卫生健康委积极探索“零材料”“不见面”的审批模式，依托国家卫生健康委员会护士电子化注册系统，个人在系统申请护士变更或延续信息，医疗机构对信息进行审核同意后提交到卫生健康部门；卫生健康部门审核通过后，国家卫生健康委护士注册系统同步产生护士执业证电子证书（与纸质证书同等法律效力），全过程实现电子化申请和审批，无需再提交申请书和身份证复印件等纸质材料。据悉，该市将继续认真贯彻落实“放管服”改革，大力推行护士执业注册（延续、变更、注销）“零材料”办理模式，助力营商环境建设，进一步提高便民政务服务供给能力和群众满意度。（记者/唐正芳） 来源：广西日报,http://gx.people.com.cn/n2/2022/0619/c179430-40000977.html
2000035266600,上海全市10万余名护士、1.6万余名外省市援沪护士生动诠释了伟大抗疫精神,,2022-05-13 09:19:15,,#要闻#上海频道#上海#滚动新闻#社会| 法治#,全市10万余名护士、1.6万余名外省市援沪护士生动诠释了伟大抗疫精神  艰难中彰显勇毅 坚韧中点亮希望  ■本报记者 顾泳 黄杨子 侍佳妮  昨天是“5·12国际护士节”。全市10万余名护士、外省市援沪的1.6万余名护士，他们是妈妈、妻子和女儿，是父亲、丈夫和儿子，他们舍小家，顾大家，用专业的护理技能让患者感受到温度，生动诠释和弘扬了生命至上、举国同心、舍生忘死、尊重科学1.6万余名护士援沪  1.6万余名外省市援沪护士勇敢逆行，在上海抗疫战场用辛勤与汗水，助力早日打赢抗疫硬仗。上海人民尤其要对这些白衣天使道一声：谢谢！来自桂林人民医院的护士杨水秀记录下援沪的点点滴滴，“工作量确实很大，特别辛苦，但队伍里从未有人抱怨，这就是使命与担当。”顾丽萍在工作时把高龄老人床位尽量安排在离护士吧台最近的区域，从而方便及时观察和处置病情。,http://sh.people.com.cn/n2/2022/0513/c134768-35266600.html
2000040087077,黑龙江省第四届“最美医生”和“最美护士”名单发布,,2022-08-19 08:16:08,,#黑龙江频道#省内要闻#,在第五个中国医师节来临之际，18日下午，黑龙江省第四届“最美医生”和“最美护士”发布仪式在哈尔滨举行。此次共发布10名“最美医生”、10名“最美护士”和1个“最美医护团队”。为充分发挥行业先进典型的思想引领、精神激励和道德示范作用，激励全省卫生健康系统和广大医务工作者积极投身幸福龙江建设，省委宣传部、省卫健委、省中医药管理局联合主办了全省第四届“最美医生”和“最美护士”学习宣传活动经过推荐申报、初评审核、宣传推介、综合评审等环节，决定授予朱庆辉等10位同志“最美医生”称号；授予于洋等10位同志“最美护士”称号；授予哈尔滨市急救中心抗疫应急小分队“最美医护团队”称号。发布仪式现场播放了“最美医生”和“最美护士”先进事迹视频短片，讲述了他们坚持人民至上、生命至上，矢志不渝维护人民健康的感人故事，深刻诠释了“敬佑生命、救死扶伤、甘于奉献、大爱无疆”的崇高精神。/主管护师 纪   红 佳木斯市妇幼保健院NICU护士/护师 杜宏斌 牡丹江医学院附属第二医院重症医学科护士/护师 李海燕 哈尔滨市第一医院护理部副主任/副主任护师 南桂荣 大兴安岭地区心内科护士长,http://hlj.people.com.cn/n2/2022/0819/c220027-40087077.html
2000035266032,探访护士中的发明创新“小能手”,,2022-05-13 08:01:52,,#江苏频道#社会#,两项专利，点燃更多护士的研发热情  口腔医院牙体牙髓病科护士们的工作有些特殊。她们经常需要当场使用具有强腐蚀性的氢氟酸冲洗病人定制好的牙齿嵌体。“我注意到，不少护士在冲洗过程中手部和面部很容易被飞溅的液体误伤。”江苏省口腔医院该科室护士长徐秀清便想到，设计一款装置让护士免受化学品伤害。她告诉记者，因为牙体牙髓病科用的很多医疗器械尺寸很小，放在一个大盒子里，不仅护士寻找起来费时费力，医院供应室在消毒时分类也很麻烦。“星星之火”，这种钻研问题的热情迅速点燃了更多护士的研发热情。“其实很多护士是非常有想法的，大家也都想竭尽所能解决更多问题。”徐秀清说。这条小抱被摸上去软和，还能恰到好处地支撑婴儿柔软的身体，护士们都叫它“鸟巢式抱被”。  “这是我们转化使用最成功的一项发明了！”,http://js.people.com.cn/n2/2022/0513/c360303-35266032.html
2000035264393,国际护士节：白衣天使过节啦,,2022-05-12 08:18:48,,#江西#高清图库#,　　5月11日，在北京按摩医院举行的国际护士节庆祝活动上，工作15年的护士郑君霞（右）哭着与当年刚工作就带着自己的护士李欣老师合影留念。  　　新华社记者 才扬 摄       　　5月11日，在北京按摩医院举行的国际护士节庆祝活动上，获得“优秀服务之星”称号的护士领取奖状。  　　,http://jx.people.com.cn/n2/2022/0512/c186330-35264393.html
2000035266655,“国际护士节”来临之际，世博方舱的援护医疗队护士收到这些暖心文创纪念品,,2022-05-13 09:31:40,,#上海频道#要闻#上海#文化| 体育#美食| 健康#滚动新闻#,5月12日，在第111个“国际护士节”来临之际，上海世博方舱福建省援沪医疗队的护士们收到了上海广告有限公司专门为他们设计制作的同心战“疫”主题祝福卡片和系列文创纪念品。据上海广告有限公司的设计人员介绍，疫情无情人有情，援护医疗队的护士们舍小家、顾大家，迎难而上、逆行出征的拼搏精神，给予上海人民莫大鼓舞。记者看到，祝福卡片上，印有“阿拉谢谢侬”“就是覅疫样”等字样，并附上东浩兰生集团写给福建省援护医疗队护士们的一封热情洋溢的感谢信：“你是守护生命的温柔天使！你是抗击疫情的白衣战士！,http://sh.people.com.cn/n2/2022/0513/c134768-35266655.html
2000035263777,10人获评2022年“安徽省最美护士”,,2022-05-11 16:18:00,,#安徽新闻列表#本网原创#安徽#,日电（周坤）5月11日，人民网安徽频道从安徽省卫健委获悉，经各地各单位推荐评选，安徽省委宣传部和安徽省卫健委共同组织评选并公示后，安徽省委宣传部、省卫生健康委联合印发了《关于授予2022年“安徽省最美护士”称号的通知》，决定授予夏丽、周燕、吕复莉、王华东、许孝姗、陈莉莉、黄妮娜、王伟伟、刘永平、钱晓英10名同志2022年“安徽省最美护士”称号。2018年5月，黄山市歙县人民医院重症监护室护士钱晓英被选为安徽省第六批短期援藏干部人才，赴西藏山南市洛扎县开展为期半年的援藏工作。“我是一名普普通通的护士，但我始终用党员的标准严格要求自己，用平凡的行动去影响他人、帮助他人。”钱晓英说。  在安徽省，这样的护士，还有很多。,http://ah.people.com.cn/n2/2022/0511/c227131-35263777.html
2000035264861,国际护士节 走近一线的“男”丁格尔,,2022-05-12 09:48:00,,#本网原创#安徽#安徽新闻列表#,提起护士这个群体，人们总会与女性联系起来，“护士姐姐”“护士阿姨”是大家习惯的称呼，其实在我们身边还有这样一群“男”丁格尔。专注地盯着病床边的各种仪器，仔细记录着各种数据，查看患者的每一处细节，接收新患者，有时候风驰电掣般紧急抢救患者……上班的每一分钟，安徽省中医院重症医学科护士孙飞都是这样度过的。在合肥市滨湖医院急诊科护士王欢欢看来，护士是一个很有成就感的职业，“当看到患者康复时的微笑，看到他们和家人团聚时的喜悦，我都会觉得我的工作非常有意义。”,http://ah.people.com.cn/n2/2022/0512/c227131-35264861.html
2000035266391,贵州14万余白衣天使迎来护士节,,2022-05-13 08:50:11,,#采编人员信息统计#李永馨#贵州频道#贵州卫体#频道稿件编辑统计查询#,本报讯 5月12日是国际护士节，记者从省卫健委获悉，截至2021年底，我省共有注册护士14万余人。  三分治疗，七分护理。近年来，我省始终把加强护士队伍建设作为卫生健康事业发展的重要基础工作来抓，坚持以高质量发展统揽全局，推进优质护理服务全覆盖。截至2021年底，我省共有注册护士14万余人，其中，基层医疗卫生机构3.07万人，每千常住人口注册护士数为3.68人。  （贵阳日报融媒体记者 杨源）,http://gz.people.com.cn/n2/2022/0513/c400058-35266391.html
2000035264882,中国护士队伍人数超500万,,2022-05-12 09:57:42,,#健康#,在社会各界的共同努力下，关心、支持和爱护护士队伍的社会氛围逐步形成，护士队伍得到稳定发展。  　　国家卫健委医政医管局监察专员郭燕红介绍，过去近10年，全国护士数量以每年平均8%的增幅逐年增加，每千人口注册护士人数目前达到3.56人，男性护士比例不断提升。  　　全国护士队伍中具有大专以上学历的已从2012年占比56%提高至2021年近80%。  　　按照《全国护理事业发展规划（2021—2025年）》，到2025年，全国护士总数达到550万人，每千人口注册护士数达到3.8人，医护比达到1∶1.2，进一步补短板、强弱项，老年、中医、社区和居家护理服务供给将显著增加,http://gs.people.com.cn/n2/2022/0512/c183356-35264882.html
2000035266808,新疆每千人口注册护士3.09人,大专及以上学历护士由10年前不到50%提高至80%,2022-05-13 10:15:25,,#科教卫生#滚动新闻#新疆新闻#新疆频道#,截至目前，新疆每千人口注册护士3.09人，达全国中等水平，大专及以上学历护士占80%以上。护士队伍能力素质和服务水平不断提升，三级、二级医院优质护理服务覆盖率达100%。党的十八大以来，通过贯彻落实《护士条例》，持续开展优质护理服务活动、发展壮大护理队伍、提高护理服务能力、深化护理服务内涵、拓展护理服务领域等，新疆护理工作得到快速发展。新疆加大院校护理人才培养力度，医疗机构大专及以上学历护士占比由10年前的不到50%提高至现在的80%，报考护理学硕士、博士的护士越来越多，护理队伍整体素质和专业能力的不断提升为新疆护理事业发展奠定了良好基础同时，新疆通过全面落实整体化优质护理服务，加强对新入职护士的规范化培训和临床在岗护士专业理论及新业务新技术培训，构建规范化的培训体系，并将护理服务延伸至社区、家庭。“十四五”期间，新疆将进一步完善新入职护士规范化培训，加大专科护士及临床急需专科护理领域骨干人员培训力度；推进基层、民营医疗卫生机构开展优质护理服务活动，进一步提升护理服务能力；提升护理管理科学化水平；,http://xj.people.com.cn/n2/2022/0513/c186332-35266808.html
2000035266594,河北省护士队伍数量达22.5万人,,2022-05-13 09:18:00,,#健康#滚动新闻#河北频道#,河北省护士队伍数量达22.5万人  本科学历护士数量大幅增加，护士队伍素质结构逐渐优化  5月12日，记者从河北省2022年5·12国际护士节庆祝大会上获悉，近年来，河北省护理事业得到长足发展，护士队伍规模从2015年的13.2万人增长到现在的22.5万人，本科学历护士数量大幅增加，护士队伍素质结构逐渐优化，覆盖急性期诊疗、慢性期康复、稳定期照护、终末期关怀的全生命周期护理服务格局逐步建立。今后，河北省将大力加强护理队伍建设，增加一线护士数量，科学配置护士人力，满足临床需求。坚持以岗位需求为导向，加强护士培养培训，努力建设技术精湛、医德高尚、人民信赖的护理人才队伍。省卫生健康委还要求，各级卫生健康部门和医疗机构要加强对护士的人文关怀，细化惠护举措，为护士执业环境、后勤保障、薪酬待遇、培养培训、专业发展等方面创造更好的条件，减轻护理人员的工作和心理压力。大力推进护理信息化建设，积极探索创新优化护理流程和服务形式，切实给一线和基层护士减负，让他们有更多时间贴近患者、贴近临床、贴近社会。（记者张淑会）,http://he.people.com.cn/n2/2022/0513/c192235-35266594.html
1000032420073,中国护士队伍人数超500万,,2022-05-12 08:48:00,,#健康·生活#滚动新闻#行业热点#,在社会各界的共同努力下，关心、支持和爱护护士队伍的社会氛围逐步形成，护士队伍得到稳定发展。国家卫健委医政医管局监察专员郭燕红介绍，过去近10年，全国护士数量以每年平均8%的增幅逐年增加，每千人口注册护士人数目前达到3.56人，男性护士比例不断提升。全国护士队伍中具有大专以上学历的已从2012年占比56%提高至2021年近80%。按照《全国护理事业发展规划（2021—2025年）》，到2025年，全国护士总数达到550万人，每千人口注册护士数达到3.8人，医护比达到1∶1.2，进一步补短板、强弱项，老年、中医、社区和居家护理服务供给将显著增加,http://health.people.com.cn/n1/2022/0512/c14739-32420073.html
2000035264202,国际护士节向白衣天使致敬,,2022-05-12 07:31:04,,#社会#内蒙古频道#,5月11日，呼和浩特市妇幼保健院新生儿重症监护室的护士正在护理新生儿。5月12日是国际护士节，自治区众多白衣天使在自己的岗位上默默奉献，用实际行动践行着医护工作者救死扶伤的初心。,http://nm.people.com.cn/n2/2022/0512/c196678-35264202.html
2000040122719,自贡荣县护士曹济丹中暑不下隔离点火线,,2022-09-13 16:55:41,,#四川频道#市州#,“如果我休息，工作量就会落到其她三个姐妹身上……”9月11日下午5点，又将披挂上阵的双石新冠疫情集中隔离点护士曹济丹接受采访时说。曹济丹，今年24岁，今年3月公招进入荣县人民医院呼吸内科，成为一名护士。本月7日，她和本院其余3名护士姐妹一样主动申请，肩负使命赶赴双石集中隔离点。据悉，本轮到双石集中隔离点的4名护士，都来自荣县人民医院，她们分别是曹济丹、周赟，杨增清、龚艺等。(蒋兵） 来源：自贡网,http://sc.people.com.cn/n2/2022/0913/c345167-40122719.html
2000035264542,重庆“十三五”末每千人口护士3.35人,,2022-05-12 08:41:54,,#重庆#,来自市卫生健康委的数据显示，截至“十三五”末，重庆注册护士总数10.94万人，每千人口护士3.35人，医护比达1∶1.37，较“十二五”末分别增长49.59%、44.40%、19.13%。  　　除总量增加外，护士学历水平普遍提高。全市具有大专以上学历的护士，占总卫生技术人员的75.99%，优于全国平均水平，且专业护理水平持续提高。（记者 李珩 见习记者 云钰）,http://cq.people.com.cn/n2/2022/0512/c365402-35264542.html
1000032434116,人民来论：“量身定制”的“才艺护士”招聘该叫停,,2022-05-30 16:22:00,,#社会·民生#人民来论#观点#每日最新评论#,才艺常有，护士常见，但“才艺护士”着实让人摸不着头脑——以“才艺”为前缀，这到底是一种什么样的护士？然而，有媒体发现，招聘“才艺护士”似乎是这家医院近几年来的“传统”——自2019年以来，医院每年都招聘“才艺护士”，至今已连招130人，而今年计划再招60人。从这种意义上看，“才艺护士”的人员配备情况，在很大程度上取决于“县里大型活动”的数量。换句话说，医院逐年扩大“才艺护士”的招聘规模，未尝不是因积极参与县里的大型活动尝到了“甜头”。“才艺护士”难免有“不务正业”之嫌。  无论从职业的严肃性还是从招聘的公平性来看，“才艺护士”招聘都应该被叫停。否则的话，即使取消了“才艺护士”招聘，也难免有人暗度陈仓，以护士之名行“才艺”之实，破坏医疗机构的正常运行。,http://opinion.people.com.cn/n1/2022/0530/c1003-32434116.html
2000035270915,重庆仁品召开2022年护士节全院表彰大会,,2022-05-16 16:49:00,,#要闻#,获奖护士代表会上发言表示，将继续发扬老一辈护理人的优良作风，立足人民群众对美好生活的向往，持续做好优质护理服务，多维度改善患者体验，提升患者就医的获得感、安全感和幸福感。  　　随后，院长张俊超代表全体院领导和重庆仁品员工向为医院发展做出贡献的护士姐妹致以衷心的感谢和节日的问候。他表示全院将从不同的方面对临床一线的护士给予更多的关心和支持，用实际行动推进全院护理工作的发展。5月12日护士节当天清晨，医院领导班子为全院护士姐妹们送上节日礼品和鲜花，并再次感谢他们为全院护理工作做出的贡献。  　　捷报频传，喜讯不断，在第111个国际护士节来临之际，重庆市渝中区卫生健康委员会开展“2022年度渝中区优秀护理团队”和“2022年度渝中区优秀护士”评选活动，经严格推选、逐级审核、有效公示，决定授予重庆仁品吕晓慧“2022年度渝中区优秀护士”称号。,http://cq.people.com.cn/n2/2022/0516/c367640-35270915.html
2000035264929,护士节|谢谢你们带来的温暖和希望,,2022-05-12 10:13:00,,#四川频道#新闻资讯#,护士不容易，  累，还常常得不到理解。  所以他们偶尔也会发牢骚：  真的不想做这一行了。  但是看到病人康复时，  或听到病人家属的一句感谢时，  他们又瞬间心里一暖——所有辛苦都值得。希望有更多人能了解护士这个职业，  给予更多的包容和理解。  谢谢你们的辛苦付出，  给无数家庭带去了温暖和希望！,http://sc.people.com.cn/n2/2022/0512/c345509-35264929.html
2000035267615,罗甸：多形式开展“5·12”国际护士节活动,,2022-05-13 16:24:00,,#潘佳倩#贵州频道#采编人员信息统计#政务要闻#频道稿件编辑统计查询#地方网群#罗甸视窗#,在罗甸县人民医院，全院护士正在开展“关爱护士队伍，护佑人民健康”主题活动，“同舟共济”“呼吸的力量”“无敌风火轮”“合力建塔”等趣味文体活动展示了医护人员青春活力和团结协作的职业风貌，现场一片热闹景象。罗甸县人民医院护士胡荣易说。    “同舟共济”趣味活动现场。相对罗甸县人民医院的轻松活泼，罗甸县中医医院却是另一番景象，以主题为“关爱护士队伍，护佑人民健康”的中医适宜技术操作竞赛让现场氛围十分紧张。比赛现场，护士们全身心投入、严肃认真，将白衣天使娴熟的操作技能和良好的服务态度展现得淋漓尽致。    “无敌风火轮”趣味活动现场。参赛护士卢康丽说。    拔罐疗法操作比赛。  “此次中医适宜技术竞赛包含拔罐疗法、艾条灸、刮痧疗法、耳穴压豆四个项目，贴近临床实际，全面考核了护理人员的理论知识、业务能力和职业素养。”,http://gz.people.com.cn/n2/2022/0513/c403287-35267615.html
2000035267039,习水多形式开展国际护士节庆祝活动,,2022-05-13 11:11:00,,#采编人员信息统计#联播#贵州频道#频道稿件编辑统计查询#陈晶晶#,为纪念第111个国际护士节，进一步弘扬南丁格尔精神，激励广大护士爱岗敬业、积极进取，充分展示新时代“最可爱的人”的良好风采，习水县卫生健康系统开展了丰富多样、多姿多彩的庆祝活动。社会爱心人士组团到习水县第二人民医院开展走访慰问活动，向医护人员送上了鲜花、手表和护士鞋，并表达深深的敬意和祝福。  习水县人民医院慰问高速路卡口疫情防控一线护理人员。习水县官店镇卫生院举行了以“关爱护士队伍，护佑人民健康”为主题的护理技能操作大赛。,http://gz.people.com.cn/n2/2022/0513/c194849-35267039.html
2000035263656,周燕荣获“安徽省最美护士”称号,,2022-05-11 15:39:00,,#健康#安徽新闻列表#,为大力弘扬伟大建党精神，伟大抗疫精神和崇高职业精神，大力营造尊重、理解和爱护护士、重视和支持护理的良好氛围，全力推进健康安徽建设，在第111个护士节来临之际，安徽省委宣传部、省卫生健康委组织开展2021年“安徽省最美护士”学习宣传活动。经各地各单位推荐评选，安徽省委宣传部、安徽省卫生健康委共同组织评选，经过网络公示，省委宣传部和省卫生健康委联合印发了《关于授予2022年“安徽省最美护士”称号的通知》，该院南区门诊部护士长周燕被授予“安徽省最美护士她先后主持院级三新项目3项，在“PRP在慢性难愈性伤口中的应用”项目中，她牵头联合多个科室成立MDT团队，让很多伤口迁延不愈的患者困扰得到解决；以第一参与人参与校级课题（重点项目）1项，探索医院流动岗位护士的管理从事护理工作二十余年，担任护士长十二年，无论是作为一名普通护士，还是护理管理者，周燕一直勤勉敬业，率先垂范，默默奉献。正如她自己说的那样，“哪怕只有萤烛之光，也愿拼尽全力，去帮助需要帮助的人。”,http://ah.people.com.cn/n2/2022/0511/c358325-35263656.html
1000032218532,美国多地遭遇“护士荒” “流动护士”也难请,,2021-09-06 09:11:18,,#美国频道#,不少医院面临护士流失、需要花更多钱请护士的窘境。  　　美联社3日以一些医院管理人员为消息源报道，疫情令许多护士疲惫不堪或士气低落，因此辞职、退休。不少护士同医疗中介机构签约，成为不固定在一家医院工作的“流动护士”，以获得更高报酬。  　　佐治亚州立奥古斯塔大学医学中心曾在一周之内有20到30名护士辞职。这家医院的首席医务官菲利普·库尔说，院方不得不“额外花钱”从其他州聘请护士。  　　堪萨斯州长劳拉·凯莉1日说，多家医院有空余床位，却没护士。当地不少护士被其他州出“高价”抢走。  　　希尔兹估计，即使去掉中介费，“流动护士”拿到手的时薪应该也有70到90美元，这是医院正式护士工资的两到三倍。  　　不过，即便中介公司也缺护士。莫里斯表示，阿亚公司现在有4.8万个“流动护士”岗位空缺。【新华社微特稿】,http://usa.people.com.cn/n1/2021/0906/c241376-32218532.html
1000032421261,护士节，白衣战士在社区深处忙碌,,2022-05-13 16:42:09,,#“奋斗者·正青春”专题报道#青年典型#奋斗者·正青春#,5月12日，北京市政府发布《致全市广大护士的一封信》，其中提到，在北京冬奥会、冬残奥会的赛场内外，在新冠肺炎疫情阻击战中，在守护人民生命健康的各项工作中，护士们用实际行动践行了敬佑生命、救死扶伤、甘于奉献对抗疫一线的护士们来说，从护士服到防护服，变的是外表，不变的是对生命的守护。  “现在有疫情，好多工作我们也要接着做，不能放下。”杨欣益说，北京本轮疫情之前，她所在的北京市朝阳区三环肿瘤医院每个护士负责看护6-8位患者，如今一个人得看护10多位患者，“肿瘤病人治疗期不能耽误，到期了得及时续上治疗，不能影响病人后期的生命质量。”即便是连轴转的状态，她也没忘记关心护士们。“我们准备了藿香正气液，不让他们带病上岗。”姜爱霞说。,http://cpc.people.com.cn/n1/2022/0513/c444418-32421261.html
1000032217807,美国多地遭遇“护士荒” “流动护士”也难请,,2021-09-05 08:25:05,,#国际#美洲#滚动新闻#全球抗疫进行时#,不少医院面临护士流失、需要花更多钱请护士的窘境。  美联社3日以一些医院管理人员为消息源报道，疫情令许多护士疲惫不堪或士气低落，因此辞职、退休。不少护士同医疗中介机构签约，成为不固定在一家医院工作的“流动护士”，以获得更高报酬。  佐治亚州立奥古斯塔大学医学中心曾在一周之内有20到30名护士辞职。这家医院的首席医务官菲利普·库尔说，院方不得不“额外花钱”从其他州聘请护士。  堪萨斯州长劳拉·凯莉1日说，多家医院有空余床位，却没护士。当地不少护士被其他州出“高价”抢走。按加州阿亚医疗中介公司副总裁索菲娅·莫里斯的说法，“流动护士”平均周薪已经从疫情前大约1000到2000美元增至眼下3000至5000美元。希尔兹估计，即使去掉中介费，“流动护士”拿到手的时薪应该也有70到90美元，这是医院正式护士工资的两到三倍。  不过，即便中介公司也缺护士。莫里斯表示，阿亚公司现在有4.8万个“流动护士”岗位空缺。,http://world.people.com.cn/n1/2021/0905/c1002-32217807.html
1000032382166,护士采核酸遇到女儿，没想到……,,2022-03-23 13:57:00,,#健康·生活#,妈妈变身“大白”  原本黏人的小女儿  却没有认出自己的妈妈  这一幕，让网友破防了    近日  广东中山市博爱医院护士梁杏梅  在给市民做核酸排查时  遇到了自己的丈夫和两个女儿    从13日起梁护士就到一线抗疫  从一个封控区到另一个封控区  她只在家里待了几个小时  当知道妈妈又要去工作时  小女儿抱着她哭了很久  5岁的小女儿  从没见过妈妈穿着防护服  尽管爸爸在一旁不断提醒  当天检测时她还是没认出眼前的“大白”竟是自己的妈妈    梁护士说  发现小女儿没认出自己  心里百感交集  “如果孩子当时认出我  肯定不会走会求抱抱”  在这一次见面后  第二次核酸排查  梁护士选择回避家人  默默在角落里看着他们她既怕孩子又认不出她  也怕孩子认出她后不想离开  “我怕不是她哭了就是我哭了”    虽然有些许失落  但这件事对梁护士来说  只是一个小小的插曲  “女儿和丈夫都很支持我的工作  都在给我加油,http://health.people.com.cn/n1/2022/0323/c14739-32382166.html
2000035275968,锦州：男护士跃身而出，争分夺秒与生命赛跑,,2022-05-19 10:01:00,,#相关新闻#,5月15日下午，锦州医科大学附属第一医院分诊台的护士，接到了医院南门安保人员打来的求救电话。  “有人倒在南门外了，大家快赶过去！”听到分诊台护士的呼喊，急诊科护士尹赛和其他急救人员立刻推起平车飞奔向事发地点。当时是下午2点20分。“作为一名急诊人，我们需要拼尽全力将更多生命垂危的患者从死亡线上抢救回来，这是每一名急救护士的初心与责任！”面对家属们一连串的道谢，28岁的尹赛坚定地说。,http://ln.people.com.cn/n2/2022/0519/c400024-35275968.html
2000040054481,中国护士数量十年翻了一番（人民健康这十年⑥）,,2022-07-26 14:46:43,,#山东频道#滚动新闻#旅游健康#,党中央、国务院历来高度重视护理工作，强调要关心爱护广大护士，把加强护士队伍建设作为卫生健康事业发展重要的基础工作来抓。随着护士队伍数量的增长和能力的提升，护理质量不断改善，患者满意度持续提高，护士的服务领域也在不断拓展。据郭燕红介绍，“十四五”时期护理事业发展的主要目标是：一方面加强护士队伍建设，包括护士数量的增长、护士能力的提升、护士积极性的调动，一方面拓展护理服务，让护理工作在各个领域更好地为人民健康服务，适应人民群众的健康需求在护士队伍建设方面，到2025年，全国的护士总数要达到550万，每千人口注册护士的数量要达到3.8人，医护比要达到1∶1.2。此外，增加护士数量的同时，通过培训提升护士的能力，并在护士分布当中，更多向基层倾斜。,http://sd.people.com.cn/n2/2022/0726/c386909-40054481.html
1000032475970,细心护士偶然一瞥，救了一位患者（温情网事）,,2022-07-15 07:39:00,,#健康·生活#滚动新闻#,　　“这位护士真有责任心，为她点赞！”“不愧是细心的‘白衣天使’，向你致敬！”近日，许多网友在网上留言，为贵州省遵义市务川仡佬族苗族自治县人民医院护士龚琨舒点赞。此时，护士龚琨舒路过，无意中看见了程女士，她马上意识到情况不对。“我看到这个人是仰头张嘴呼吸的，可能因为我的职业敏感度，那个状态引起了我的警觉。”龚琨舒回忆说。程女士对第一时间救助自己的龚琨舒十分感激，她说：“如果不是这位护士细心观察的话，周围人根本不知道那时我发生了什么情况，特别感谢她救了我。”仅仅靠无意中的一瞥，就发现了患者的问题，并能立刻做出正确处置，可见在平时的工作中，龚琨舒是一位认真负责的好护士，她的做法也获得网友点赞。网友“星辰”说：“这位护士又专业又有爱心，真是医者仁心。”,http://health.people.com.cn/n1/2022/0715/c14739-32475970.html
2000040039266,细心护士偶然一瞥，救了一位患者（温情网事）,,2022-07-15 09:37:33,,#江西#社会#,　　“这位护士真有责任心，为她点赞！”“不愧是细心的‘白衣天使’，向你致敬！”近日，许多网友在网上留言，为贵州省遵义市务川仡佬族苗族自治县人民医院护士龚琨舒点赞。此时，护士龚琨舒路过，无意中看见了程女士，她马上意识到情况不对。“我看到这个人是仰头张嘴呼吸的，可能因为我的职业敏感度，那个状态引起了我的警觉。”龚琨舒回忆说。程女士对第一时间救助自己的龚琨舒十分感激，她说：“如果不是这位护士细心观察的话，周围人根本不知道那时我发生了什么情况，特别感谢她救了我。”仅仅靠无意中的一瞥，就发现了患者的问题，并能立刻做出正确处置，可见在平时的工作中，龚琨舒是一位认真负责的好护士，她的做法也获得网友点赞。网友“星辰”说：“这位护士又专业又有爱心，真是医者仁心。”,http://jx.people.com.cn/n2/2022/0715/c186330-40039266.html
1000032476396,细心护士偶然一瞥，救了一位患者（温情网事）,,2022-07-15 09:17:04,,#社会·法治#滚动新闻#,　　“这位护士真有责任心，为她点赞！”“不愧是细心的‘白衣天使’，向你致敬！”近日，许多网友在网上留言，为贵州省遵义市务川仡佬族苗族自治县人民医院护士龚琨舒点赞。此时，护士龚琨舒路过，无意中看见了程女士，她马上意识到情况不对。“我看到这个人是仰头张嘴呼吸的，可能因为我的职业敏感度，那个状态引起了我的警觉。”龚琨舒回忆说。程女士对第一时间救助自己的龚琨舒十分感激，她说：“如果不是这位护士细心观察的话，周围人根本不知道那时我发生了什么情况，特别感谢她救了我。”仅仅靠无意中的一瞥，就发现了患者的问题，并能立刻做出正确处置，可见在平时的工作中，龚琨舒是一位认真负责的好护士，她的做法也获得网友点赞。网友“星辰”说：“这位护士又专业又有爱心，真是医者仁心。”,http://society.people.com.cn/n1/2022/0715/c1008-32476396.html
2000035267205,浙江桐庐：“疫”线上的护士节,,2022-05-13 13:16:00,,#地方#杭州#专题#桐庐#桐庐新闻#浙江频道#社会#,5月12日，桐庐县第一人民医院护士方柳华收到了许多祝福，其中不少信息来自隔离结束人员以及从前照顾过的患者。这位从业近30年的护士自5月1日起就在隔离点坚守，收集人员信息、统计接收人员、评估被隔离患者健康状况……尽管忙碌，但是每天工作都被安排得有条不紊。“护士们太辛苦了。护士节到了，我们一定要表达自己的感谢。”,http://zj.people.com.cn/n2/2022/0513/c186327-35267205.html
2000040038850,细心护士偶然一瞥，救了一位患者（温情网事）,,2022-07-15 08:24:11,,#贵州频道#人民日报看贵州#采编人员信息统计#频道稿件编辑统计查询#李永馨#,“这位护士真有责任心，为她点赞！”“不愧是细心的‘白衣天使’，向你致敬！”近日，许多网友在网上留言，为贵州省遵义市务川仡佬族苗族自治县人民医院护士龚琨舒点赞。此时，护士龚琨舒路过，无意中看见了程女士，她马上意识到情况不对。“我看到这个人是仰头张嘴呼吸的，可能因为我的职业敏感度，那个状态引起了我的警觉。”龚琨舒回忆说。程女士对第一时间救助自己的龚琨舒十分感激，她说：“如果不是这位护士细心观察的话，周围人根本不知道那时我发生了什么情况，特别感谢她救了我。”仅仅靠无意中的一瞥，就发现了患者的问题，并能立刻做出正确处置，可见在平时的工作中，龚琨舒是一位认真负责的好护士，她的做法也获得网友点赞。网友“星辰”说：“这位护士又专业又有爱心，真是医者仁心。”,http://gz.people.com.cn/n2/2022/0715/c194831-40038850.html
2000035266996,浏阳柏加镇开展护士节慰问活动,,2022-05-13 10:59:46,,#市州县域#,随后，柏加镇卫生院还组织护士展开座谈，为突出“关爱护士队伍，护佑人民健康”的主题，对长期奋战在护理一线、在疫情防控工作中有突出贡献的护理工作者进行了表彰，同时也号召大家持续发扬崇高职业精神，在全镇医疗卫生事业发展中展现新气象,http://hn.people.com.cn/n2/2022/0513/c356887-35266996.html
2000040053790,中国护士数量十年翻了一番（人民健康这十年⑥）,,2022-07-26 08:49:04,,#四川频道#卫生#,党中央、国务院历来高度重视护理工作，强调要关心爱护广大护士，把加强护士队伍建设作为卫生健康事业发展重要的基础工作来抓。随着护士队伍数量的增长和能力的提升，护理质量不断改善，患者满意度持续提高，护士的服务领域也在不断拓展。 　　据郭燕红介绍，“十四五”时期护理事业发展的主要目标是：一方面加强护士队伍建设，包括护士数量的增长、护士能力的提升、护士积极性的调动，一方面拓展护理服务，让护理工作在各个领域更好地为人民健康服务，适应人民群众的健康需求在护士队伍建设方面，到2025年，全国的护士总数要达到550万，每千人口注册护士的数量要达到3.8人，医护比要达到1∶1.2。此外，增加护士数量的同时，通过培训提升护士的能力，并在护士分布当中，更多向基层倾斜。 　　,http://sc.people.com.cn/n2/2022/0726/c345167-40053790.html
2000035264287,“这样的护士节礼物，很温暖”（抓细抓实各项防疫工作）,,2022-05-12 08:01:03,,#湖北频道#新闻中心#社会民生#民生万象#,上海市普陀区新曹杨方舱医院内，一位“舱友”正在创作给护士们的礼物。只见他运笔如飞，短短几分钟，几幅护士画像就在纸上勾勒出来，他说：“广西援沪医疗队的护士们太辛苦了。南宁市第二人民医院护士陆小文双手接过自己的画像，很惊喜。4月17日，她从南宁来到上海，每天奋战在方舱护理一线，“这样的护士节礼物，很温暖！”　　11日下午，上海新国博方舱医院的“舱友”们也在“绘画”。条件有限，希望能给援沪的护士们带来更多温暖。”湖北援沪医疗队综合物资保障组长、武汉大学人民医院东院区护理办公室副主任王荣说。　　“你要来上海啦？”护士们每天与时间赛跑：有些老年患者一天吃十几种药，要一一分清楚；有些患者失能，需要护士悉心照料；护工短缺，护士们还要一遍遍往病房搬运心电监护仪等设备……　　据了解，4月以来，来自全国各地的3万多名医护人员,http://hb.people.com.cn/n2/2022/0512/c194063-35264287.html
2000035266331,吉林省各地开展庆祝国际护士节主题活动,,2022-05-13 08:42:00,,#吉林频道#要闻#时政#社会#,吉大一院举行了以“关爱护士队伍 护佑人民健康”为主题的护士节活动。吉大中日联谊医院开展了“同心抗疫守初心 共克时艰担使命”——护理团队抗疫事迹展播、“微光成炬，战‘疫’有我”——抗疫护士电子海报展等系列线上活动，以此展现广大护士为护理事业无私奉献的高尚品质和全心全意为人民服务的精神风貌省肿瘤医院举办了“‘温暖护理路 笃行向未来’国际护士节优秀护士选拔活动”，并对获奖护士进行表彰。同时，医院领导向临床一线护理人员送上鲜花和慰问品，以表达节日祝福。北华大学附属医院举行了以“逆行显初心 燕帽绽芳华”为主题的线上护士节活动，表彰表现突出的护士，并邀请护理领队、援外医疗队中年龄最大和最小的护士等各类护理代表讲述抗疫故事，分享抗疫心得。医院还对优秀护理管理者、最美护士进行了表彰，一束束饱含祝福的鲜花，将大家的笑脸映得格外灿烂。,http://jl.people.com.cn/n2/2022/0513/c349771-35266331.html
2000034723196,金沙县：“5.12”护士节 走近身边的男护士,,2021-05-13 17:40:00,,#贵州频道#要闻资讯#采编人员信息统计#唐杰#地方网群#频道稿件编辑统计查询#金沙视窗#,1860年她在伦敦创建了英国第一所护士学校，使护理事业逐步走向专业化、科学化，并且推动了西欧各国以及世界各地的护理工作和护士教育的发展。在人们的印象中，护士大多是女性，而眼前正在配药的护士却是个大男孩。他叫何旭，今年24岁，去年才进入金沙县人民医院工作。在护理工作中，他常常遇到一些尴尬的情况。金沙县人民医院EICU护士何旭说：“当我们接触异性患者的时候，他们就会感到不解，为什么是男护士护理，在外面大多数时候都是女护士。我们也跟她们解释过，在这个职业中不分男女。”金沙县人民医院血透科护士周阳：我第一次去我岳父岳母家，当父母向亲戚朋友解释我的职业时，场面有些尴尬，但通过这两年生活中的了解，他们也认识到了这份工作的重要性。在金沙县人民医院，现有护士471名，其中仅有25名男护士，占比不到6%。这些男护士们被安排在急诊、重症监护室等“急、难、险、重”的护理岗位上，为患者的康复发挥了重要作用。,http://gz.people.com.cn/n2/2021/0513/c399436-34723196.html
2000040053837,中国护士数量十年翻了一番（人民健康这十年⑥）,,2022-07-26 08:53:23,,#陕西频道#要闻#健康#,党中央、国务院历来高度重视护理工作，强调要关心爱护广大护士，把加强护士队伍建设作为卫生健康事业发展重要的基础工作来抓。随着护士队伍数量的增长和能力的提升，护理质量不断改善，患者满意度持续提高，护士的服务领域也在不断拓展。据郭燕红介绍，“十四五”时期护理事业发展的主要目标是：一方面加强护士队伍建设，包括护士数量的增长、护士能力的提升、护士积极性的调动，一方面拓展护理服务，让护理工作在各个领域更好地为人民健康服务，适应人民群众的健康需求在护士队伍建设方面，到2025年，全国的护士总数要达到550万，每千人口注册护士的数量要达到3.8人，医护比要达到1∶1.2。此外，增加护士数量的同时，通过培训提升护士的能力，并在护士分布当中，更多向基层倾斜。,http://sn.people.com.cn/n2/2022/0726/c186331-40053837.html
2000035263926,922名湖北护士在战“疫”一线过节,,2022-05-11 17:08:00,,#新闻中心#湖北频道#民生万象#周倩文#本网原创#社会民生#,5.12国际护士节来临，在上海战“疫”一线，来自湖北省援沪医疗队的922名护士，或战斗在方舱医院，或冲锋在重症病房。这个护士节，他们弘扬南丁格尔精神，绽放着天使之美。据湖北省援沪医疗队相关负责人介绍，2020年的武汉保卫战中，全国共有2.86万名护士奔赴战“疫”最前线，占医务人员总数近七成。作为遭遇疫情最早、受恩全国兄弟支援最多的湖北省，此次共派出1431人的援沪队伍，其中护士922人，占比超过64%，是医疗队中的中坚力量。  湖北医疗队抵沪后，兵分多路投入紧张的工作中。在新国际博览中心方舱医院，湖北护士宠娃花样多。为营造家庭氛围，他们当上了“临时爸妈”，教歌舞、陪游戏。为了让孩子们不落下学习，他们还开办“方舱小学”，辅导作业，教习书画才艺。在华山医院和上海九院，湖北护士化身守护重症患者的战士，他们把在武汉保卫战中积累的宝贵重症护理经验应用到上海，让许多重症患者得到经过疫情考验的专业护理，获得更多生机。,http://hb.people.com.cn/n2/2022/0511/c194063-35263926.html
2000035264555,北京市委、市政府致全市广大护士的一封信,,2022-05-12 08:43:42,,#社会民生#北京频道#滚动新闻#,值此特殊而光荣的日子，谨向全市14.2万名无私奉献的护士致以节日的祝贺和诚挚的慰问！2022年是不平凡的一年，首都广大护士做出了不平凡的贡献。在北京冬奥会、冬残奥会的赛场内外，你们连续奋战、舍家忘我，用精湛的技术、出色的服务助力赛事成功举办。祝广大护士、医务人员、公共卫生人员及家人身体健康、工作顺利、阖家幸福！  　　中共北京市委  　　北京市人民政府  　　2022年5月12日,http://bj.people.com.cn/n2/2022/0512/c82840-35264555.html
2000035265177,守“护”光明之路 南坪爱尔开展护士节活动,,2022-05-12 12:26:39,,#要闻#,　　近日，为庆祝第111个“5·12”国际护士节，重庆爱尔麦格眼科医院（南坪爱尔眼科）开展了护士技能竞赛活动，旨在弘扬南丁格尔精神，传承优秀护理文化，展示护理团队风貌。    活动现场。重庆爱尔麦格眼科医院供图  　　活动分为“护士风采及健康宣教短视频竞赛”“院感知识竞赛”等项目，以现场竞赛、评委打分的形式，评选出一二三等奖，并为获奖者颁发荣誉证书。  　　院长贺翔鸽在活动中送上对全院护士的节日慰问和美好祝福，赞扬了护士在工作中的担当精神、奉献精神、拼搏精神，并向所有受到表彰的优秀集体和先进个人表示热烈祝贺。  　　护理部主任冉贞芳、副主任冯小平表示：“将继续坚决贯彻落实《中华人民共和国基本医疗卫生与健康促进法》、《护士条例》等法律法规，切实维护和保障护士的合法权益，依法依规坚决落实好惠及护士队伍的各项保障政策措施，加强护士队伍建设，提高护理质量，完善激励机制，调动护士积极性，增强职业荣誉感，拓宽职业发展空间，弘扬护理正能量，营造重视支持护理、理解关爱护士的良好氛围。”,http://cq.people.com.cn/n2/2022/0512/c367640-35265177.html
1000032411141,95后援港护士：“我们和香港有特殊的情缘”,,2022-04-28 11:22:21,,#青年典型#“奋斗者·正青春”专题报道#各地动态#,这个出生于1997年的湖南姑娘，是广东省第二人民医院最年轻的内地援港护士，“我是香港回归那年出生的”。他们中，有曾受国务院联防联控机制委派赴福建抗疫的医疗专家，有参加过湖北武汉方舱医院救治工作的感控督导员，有深入负压病房参与救治的护士长，有具备20余年新生儿重症救治经验的护士，有妻子也是医务人员的青年医生，有不畏艰险、冲锋在前的95后护士。,http://cpc.people.com.cn/n1/2022/0428/c444418-32411141.html
2000035266866,南溪山医院庆祝护士节活动丰富多彩,,2022-05-13 10:27:00,,#要闻#南溪山医院#广西频道#,5月11日至12日，广西壮族自治区南溪山医院通过举行优秀护士长、优秀护士表彰，为一批教育护士颁证，启动“温度护理”项目，形象礼仪专题讲座培训，深入科室走访慰问等活动庆祝一年一度国际护士节。（张超群）,http://gx.people.com.cn/n2/2022/0513/c390645-35266866.html
2000035267900,护士节镜头：那些呵护生命的温柔坚守,,2022-05-13 19:18:24,,#频道记者自创稿件#龚莎#上海频道#,除此之外，新华医院还派出大量护理人员外派支援抗疫一线，从崇明长兴方舱医院，到长兴医院儿科定点，从上海海关浦东机场采样点，到杨浦区院外采样点，处处有新华护士勇敢逆行的身影。这是新华血透护士们许下的承诺。近一个月以来，为了保证血透室的护理人力资源，新华医院血液净化部全体护理人员克服个人及家庭的各种困难，进入医院实行封闭式管理。应急血透室组长是“90后”男护士周树伟，他的妻子也是新华护士，父母的相继确诊并没有影响他抗疫的脚步，3月初刚送走新婚妻子去机场抗疫一线的他，连夜打包了行李，住进了医院。在这个没有硝烟的战场，耗费护士们大量的体力与心力，“8小时汗水湿透衣服2次“是家常便饭，大家超负荷工作，连续16小时、甚至24小时工作是常有的事。部分护理人员由于封控无法到岗，作为成人急诊的护士长陆蓉便弹性排班，自己顶班，既能保证工作的正常运行，又能保存护士们的体力，至今没有休息过一天，坚持在科室值岗。,http://sh.people.com.cn/n2/2022/0513/c134768-35267900.html
2000035266947,西藏自治区人民医院庆祝第111个国际护士节,,2022-05-13 10:48:42,,#西藏频道#滚动播报#科教文卫#图片新闻#,西藏自治区人民医院老中青护士代表演绎诗朗诵《提灯女神的赞歌》。　冉文娟 摄  　　会上，西藏自治区人民医院为坚守在护理岗位30周年的护理人员颁发了感谢状，并为优秀护理管理团队、优秀专科护理小组、优秀护理管理者、优秀护理教学老师及“最美护士”代表颁发了荣誉证书。  　　西藏自治区人民医院退休护士舞蹈队表演了热情洋溢的民族舞《高原天使》，医院老中青护士代表深情演绎诗朗诵《提灯女神的赞歌》，展现了白衣天使的敬业奉献精神。,http://xz.people.com.cn/n2/2022/0513/c138901-35266947.html
1000032417777,权威快报丨全国已有护士超470万,,2022-05-09 15:31:34,,#健康·生活#,规划指出，2020年底，全国注册护士总数470余万人，较2015年增幅达45%。具有大专以上学历的护士超70%，护士队伍学历素质进一步提高。规划要求，到2025年，全国护士总数达到550万人，每千人口注册护士数达到3.8人，护士队伍数量持续增加，结构进一步优化，素质和服务能力显著提升，促进护理事业高质量发展。,http://health.people.com.cn/n1/2022/0509/c14739-32417777.html
2000040004442,江西省中西医结合医院举办青年护士临床护理知识竞赛,,2022-06-21 14:43:26,,#江西#社会#,为加强护理人才队伍建设，落实《新入职护士培训大纲（试行）》要求，提高护理培训师资教学水平与能力，江西省中西医结合医院于6月15日、16日下午举办青年护士临床护理知识竞赛及师资培训授课比赛。青年护士临床知识竞赛内容涵盖护士《三基》第五版、《临床常见疾病护理常规》及《青年护士在职培训实践指引》，60名临床青年护士参加了此次竞赛。妇产科护士杨欢荣获比赛一等奖；呼吸与危重症医学科徐燕、全科、泌尿外科曾静文、消化内科姜凌获二等奖；骨伤一科马小燕、血透室肖慧、重症医学科程艳、手术室罗影、心内科吴青军和呼吸与危重症医学科熊玲艳获三等奖。此次比赛旨在培养人才，促进年轻护士学习掌握护理“三基”和专业知识，储备优秀的护理人才，深入贯彻新发展理念，打造一支思想素质过硬、理论知识丰富，业务水平精湛的护理队伍，为患者提供更优质高效的护理服务。,http://jx.people.com.cn/n2/2022/0621/c355185-40004442.html
1000032405403,84名护士、5000余次血透！“我们在，请放心！”,,2022-04-21 20:35:42,,#健康·生活#,84名专职血透护士有效开展血透服务，缓解当地血透压力。    　　一组所在的东方医院血透中心，浙江队员与东方医院医护共同管理血透患者，医生统管病情，护士则分为三班，每班12～13个护士，浙江队员为9～10个，和东方医院护士共同管理340余名患者。  　　傅恩琴介绍说，中心分为A、B、C三区，队员们和中山医院的护士们一起管理，每班70余个患者，每个护士分管5～7名。  　　在为患者血透时，护士需要评估血压、血糖等情况，有时候便会和患者聊聊天。张柳说，有一次，一名阿姨拿出手机给她看她外孙，还说女儿和护士一般年纪，平时女儿工作忙，不经常见面，现在见到护士，就感觉见到女儿一般亲切，还说：“我都这么想我女儿，你舟山的父母肯定也在想侬嘞。”,http://health.people.com.cn/n1/2022/0421/c14739-32405403.html
2000035264747,“这样的护士节礼物，很温暖”（抓细抓实各项防疫工作）,,2022-05-12 09:13:35,,#上海频道#要闻#上海#季觉苏#人民日报看上海#社会| 法治#滚动新闻#,上海市普陀区新曹杨方舱医院内，一位“舱友”正在创作给护士们的礼物。只见他运笔如飞，短短几分钟，几幅护士画像就在纸上勾勒出来，他说：“广西援沪医疗队的护士们太辛苦了。南宁市第二人民医院护士陆小文双手接过自己的画像，很惊喜。4月17日，她从南宁来到上海，每天奋战在方舱护理一线，“这样的护士节礼物，很温暖！”　　11日下午，上海新国博方舱医院的“舱友”们也在“绘画”。条件有限，希望能给援沪的护士们带来更多温暖。”湖北援沪医疗队综合物资保障组长、武汉大学人民医院东院区护理办公室副主任王荣说。　　“你要来上海啦？”护士们每天与时间赛跑：有些老年患者一天吃十几种药，要一一分清楚；有些患者失能，需要护士悉心照料；护工短缺，护士们还要一遍遍往病房搬运心电监护仪等设备……　　据了解，4月以来，来自全国各地的3万多名医护人员,http://sh.people.com.cn/n2/2022/0512/c134768-35264747.html
1000032419751,“这样的护士节礼物，很温暖”（抓细抓实各项防疫工作）,,2022-05-12 05:49:19,,#健康·生活#,上海市普陀区新曹杨方舱医院内，一位“舱友”正在创作给护士们的礼物。只见他运笔如飞，短短几分钟，几幅护士画像就在纸上勾勒出来，他说：“广西援沪医疗队的护士们太辛苦了。南宁市第二人民医院护士陆小文双手接过自己的画像，很惊喜。4月17日，她从南宁来到上海，每天奋战在方舱护理一线，“这样的护士节礼物，很温暖！”　　11日下午，上海新国博方舱医院的“舱友”们也在“绘画”。条件有限，希望能给援沪的护士们带来更多温暖。”湖北援沪医疗队综合物资保障组长、武汉大学人民医院东院区护理办公室副主任王荣说。　　“你要来上海啦？”护士们每天与时间赛跑：有些老年患者一天吃十几种药，要一一分清楚；有些患者失能，需要护士悉心照料；护工短缺，护士们还要一遍遍往病房搬运心电监护仪等设备……　　据了解，4月以来，来自全国各地的3万多名医护人员,http://health.people.com.cn/n1/2022/0512/c14739-32419751.html
2000035265661,江西东乡中医院举行“5·12国际护士节”表彰大会,,2022-05-12 16:56:00,,#社会#江西#,5月11日，江西省抚州市东乡区中医院召开了庆“5·12”国际护士节暨表彰大会，54名护士获得“优秀护士”“最美逆行者””抗疫先进个人获得者”等奖励。会上，院党总支书记林海代表院党总委向全院护士表达了节日的问候，并同时希望全院护理人员在今后的工作中，心向党、跟党走，立足岗位作贡献，继续发扬抗疫精神，为守护人民健康，建设医院的不懈奋斗中实现人生价值。医院领导为54名获得“优秀护士”“最美逆行者””抗疫先进个人获得者”称号的护士进行了颁奖。,http://jx.people.com.cn/n2/2022/0512/c355185-35265661.html
2000040054372,“90后”护士三延婚期 坚守防疫第一线,,2022-07-26 13:28:45,,#四川频道#政商动态#,“我作为一名护士，疫情当前我还是要冲在前线的，这是我的责任和义务，个人的事只有再缓缓。”出生于1994年的白筱漫，是成都高新区西园社区卫生服务中心的一名护士。,http://sc.people.com.cn/n2/2022/0726/c379469-40054372.html
2000035272474,【礼敬人才·筑梦金沙】用实际行动展现男护士的柔情担当,,2022-05-17 14:23:54,,#采编人员信息统计#要闻资讯#贵州频道#地方网群#频道稿件编辑统计查询#陈晶晶#金沙视窗#,提到护士，很多人的第一反应都是女护士。然而，在医护一线，还有这样一群男护士，用实际行动展现自己的柔情担当。  “我从小就梦想着成为医务工作者，帮助患者恢复健康。”金沙县中医医院急诊科副护士长、护师李世缘说：“我们护士在值班的时候都是打起12分精神，认真地面对每一个急诊病人，也希望让每一个急诊病人来到急诊科以后能够得到有效的救治，最后治愈出院。”有时候，病人生命体征很弱，家属很着急，不太理解护士的工作，有的甚至会责怪护士。每当遇到这种情况，李世缘就耐心地跟他们解释，安慰他们。金沙县中医医院急诊科护士李南山说：“男护相比女护有体力上的优势，比如像院前急救、抬病人、给重症监护室里面病人翻身等等。”  “做自己喜欢的工作，为患者身体健康出一份力，一切都很值得。”金沙县中医医院急诊科护士李南山说：“在五年级的时候，考试时有一篇阅读理解题目，里面提到了钟南山院士，那篇阅读理解内容我记得不是很清楚了，但是从那时候开始，我感觉医护人员就是非常崇高的，那时就有个想法，以后就选择医疗事业,http://gz.people.com.cn/n2/2022/0517/c399436-35272474.html
2000034721866,国际护士节：全国注册护士总数470多万,,2021-05-12 23:46:39,,#国内·国际#江苏频道#,记者从国家卫健委获悉，截至2020年底，全国注册护士总数470多万，每千人口注册护士数增加到3.35，全国医护比提高到1：1.15。下一步，将持续增加护士数量，完善激励机制，推动护理服务业发展，积极发展老年护理、社区护理、居家护理、安宁疗护等。（记者王琳琳、张玉薇）,http://js.people.com.cn/n2/2021/0512/c359574-34721866.html
2000035265747,金秀：160名“白衣天使”收到护士节“廉心”贺卡,,2022-05-12 17:41:00,,#要闻#金秀县纪委监委#广西频道#,“把对护士们节日的祝福和对护士们廉洁从医的期待，都写进这张特别的节日贺卡里。”金秀县人民医院党委书记李宾表示，在护士节来临之际，向护士们赠送“廉”心卡，是为了让护士们在收到医院党委节日祝福的同时，增强职业荣誉感和责任心，不忘廉洁从医，积极主动助力“清廉医院”建设。该院护士蓝艳春在收到“廉”心卡后说道。如今已拥有两年多党龄的她，表示将在“清廉医院”建设中，积极发挥党员先锋模范作用，“医”心向党、“医”心向廉、“医”心向民助力清风兴院。,http://gx.people.com.cn/n2/2022/0512/c390645-35265747.html
2000035303477,南通女护士高铁上跪地半小时救人,,2022-06-07 08:19:26,,#江苏频道#社会民生#社会民生#聚焦南通#聚焦南通#社会#南通新闻#南通新闻-移动端#,这名在高铁上跪地救人者叫刘晓姣，今年30岁，来自云南昭通，目前是南通一家医院的护士。,http://js.people.com.cn/n2/2022/0607/c360303-35303477.html
2000035265658,【抗疫有我】这个护士节，千千万万个她值得被记住,,2022-05-12 16:55:00,,#青海频道#滚动新闻#原创稿件#本网专稿#地方要闻#青海#青海要闻#社会#科教文卫#,本人供图  韩晓娟是青海省第五人民医院放疗二病区的一名护士，拥有11年护理工作经验的她，5月9日在医院发出核酸采样队召集令后第一时间报了名。而这距离她胰腺炎治疗出院不到一周时间。白天长时间的不能进食进水，加上高强度的采样工作，让身体还未完全康复的韩晓娟稍感吃力，“作为一名护士，这是职责所在，也是光荣的使命。”电话那头，韩晓娟有些哽咽。,http://qh.people.com.cn/n2/2022/0512/c378418-35265658.html
2000035268354,策勒县召开2022年“5·12”国际护士节表彰大会,,2022-05-14 09:54:27,,#动态播报#,策勒县融媒体中心供图  为弘扬南丁格尔精神、树立典型、表扬先进，5月11日，新疆和田地区策勒县人民医院召开2022年“5·12”国际护士节表彰大会，县医院领导班子成员、各科室主任、护士长及护士代表参加了表彰大会大会首先对优秀护士、护理先进科室、优秀护理管理者等数十名护理工作者进行了表彰奖励，护理先辈们为新入职护士进行了庄严的授帽仪式，又一批护理工作者踏上新征程。随后，文艺演出在内科系统护士们朝气蓬勃的现代舞蹈中拉开帷幕，而后全体护士长饱含情感的诗歌朗诵，将白衣天使甘于奉献、不畏生死的崇高精神表现得淋漓尽致。此次表彰大会展示了策勒县护理工作者良好的精神面貌和职业风范，鼓励全县护士爱岗敬业、积极进取、勇于奉献。  来源：策勒县融媒体中心,http://xj.people.com.cn/n2/2022/0514/c394722-35268354.html
2000035260889,国家卫健委：2025年护士总数将达550万人,,2022-05-10 08:52:00,,#康养#,9日从国家卫健委获悉，该委日前印发的《全国护理事业发展规划(2021-2025年)》（以下简称《规划》）指出，到2025年，全国护士总数预期达到550万人，每千人口注册护士数达到3.8人，护士队伍数量持续增加截至2020年底，全国注册护士总数超过470万人，每千人口注册护士数达到3.34人，具有大专以上学历的护士超70%，护理工作更加贴近患者、贴近临床、贴近社会，群众看病就医获得感进一步增强。《规划》强调，要保障护士合法权益，进一步贯彻落实《中华人民共和国基本医疗卫生与健康促进法》《护士条例》等法律法规，以及国家关于关心关爱医护人员的要求，在护士执业环境、薪酬待遇、培养培训、专业发展等方面创造好的条件医疗机构为护士提供必要的卫生防护和医疗保健措施，有效预防和减少护士在职业环境中可能受到的危害，切实维护和保障护士合法权益。(记者 金振娅),http://yn.people.com.cn/health/n2/2022/0510/c228588-35260889.html
2000035265245,贵州省人民医院：护士专科化 谱写优质护理新篇章,,2022-05-12 14:18:36,,#李永馨#采编人员信息统计#贵州频道#省内动态#贵州省卫生健康委#战略合作#贵州卫体#频道稿件编辑统计查询#,内三片区护士长吴瑞明说，为了帮助张秀兰重新建立生活的信心，呼吸内科的专科护士对她进行长时间的心理疏导。“我一定好好坚持下去，不辜负医生、护士的关心，也不辜负家人的期望。”    护士帮患者理发。  “三分治疗，七分护理”。在医疗工作中，护理起着至关重要的作用。张秀兰的恢复，得益于近年来贵州省人民医院对于专科护士培养。  专科护士是指在某一特殊或者专门的护理领域具有较高水平和专长的专家型临床护士。随着人们对专业护理需求的提升，医疗行业对护士也提出了新要求。近年来，贵州省人民医院不断提高护士的专业素养和护理质量，涌现了一批专业精湛的专科护士，他们活跃在临床一线，凭借自己在相应的细分领域的专业知识，为患者提供高质量的医疗护理。护士职责的延伸、医护一体化的推广，让患者享受到更专业的护理服务。在贵州省人民医院，专科护士不再只是提供传统的打针、输液、配药“老三样”，还凭着专业护理技能，成为帮助患者解除痛苦、助力快速康复的专家。,http://gz.people.com.cn/n2/2022/0512/c403409-35265245.html
2000035265626,5.12国际护士节 合肥市一院举办庆祝及表彰会,,2022-05-12 16:39:00,,#健康#安徽新闻列表#,5月11日下午，一场以“凝聚护士力量·守护人类健康”为主题的5·12国际护士节活动在合肥市第一人民医院举办。护士们在观看《战疫天使》宣传片。合肥市一院供图  表彰过去，鞭策未来。“未来我们将更加科学合理配备护士人力，满足临床护理服务需求。同时按照护士服务能力培训专项行动的要求，建立以岗位需求为导向、以岗位胜任力为核心的护士培训制度。”此外，该院将紧盯护士权益，真处着力，充分调动护士积极性，完善护士岗位设置、薪酬绩效、职称评定、管理使用等各方面机制。健全完善护士队伍激励机制，实施科学的护士评聘考核和绩效考核，强化临床导向，引导护士立足护理岗位，深耕临床护理实践，努力提高业务水平。（费秦茹 唐萌 高勇）,http://ah.people.com.cn/n2/2022/0512/c358325-35265626.html
2000040075287,重庆市精神卫生中心杨云秀获“重庆好护士”称号,,2022-08-10 16:35:19,,#区县动态#,近日，重庆市卫生健康委发布2022年“重庆好医生、重庆好护士”第二季度人物名单，重庆市精神卫生中心老年三科党支部书记、护士长杨云秀获选。重庆市精神卫生中心供图 特殊的事业需要特殊的精神，作为已经从业30年的精神科护士。从1998年起，杨云秀先后调任4个科室，去到每个科室都是“创科拓荒者”。,http://cq.people.com.cn/n2/2022/0810/c367642-40075287.html
2000034720043,重庆注册护士总数达10.94万人 护士节快乐！,,2021-05-12 01:58:00,,#原创#陈琦#,今日，重庆市卫生健康委发布了全市护理工作的总体情况，截至2020年12月，全市注册护士总数达10.94万人，每千人口护士3.35人，医护比达1:1.37，较“十二五”末分别增长49.59%、44.40%    重庆市卫生健康委党委委员、副主任邓莉介绍，全市具有大专以上学历的护士占总卫生技术人员的75.99%，优于全国平均水平，其中本科学历以上达2.6万人。同时，专科队伍不断壮大，全市共有专科护士培训基地34个，已累计培养专科护士1.39万人，专科护士占比达13.4%。  　　邓莉表示，“十四五”期间，重庆护理工作将加快护士队伍建设，科学合理配置护士人力，增加一线护士数量，尤其是社区护理、老年护理、慢病护理、安宁疗护、基层护理等的短缺型人才，以满足临床工作需求。  　　重庆市卫生健康委医政医管处处长黄易透露，为提高护士服务能力，重庆将持续开展全市二级以上医疗机构护理知识“三基三严”大比武活动，全面推进优质护理服务。,http://cq.people.com.cn/n2/2021/0511/c365401-34720043.html
2000040099307,长宁护士蒋雪妹荣获上海市第六届“左英护理奖”提名奖,,2022-08-27 09:53:12,,#上海频道#区县新闻#社会| 法治#滚动新闻#上海长宁#长宁新闻#,本届评出“左英护理奖”获得者17位，“左英护理奖”提名奖15位，长宁区新泾镇社区卫生服务中心护士蒋雪妹荣获提名奖。  采访蒋雪妹的这天正赶上核酸大筛，一阵大雨过后，空气变得溽热难耐。蒋雪妹 上海市长宁区新泾镇社区卫生服务中心家庭医生工作室护士、糖尿病专科护理门诊主诊护士，副主任护师，于1995年取得执业护士资格证，从事护理工作28年。2015年取得社区糖尿病管理护士适任证书，并于2016年1月开设糖尿病专科护理门诊，至今已有7年，结合门诊实践经验，编写了一套浅显易懂，简明扼要的饮食、运动、用药、血糖监测，预防糖尿病并发症等健教处方。,http://sh.people.com.cn/n2/2022/0827/c134768-40099307.html
1000032478615,护士抢救幼童时玩手机？官方回应：在联系医生协助抢救,,2022-07-18 16:26:00,,#社会·法治#人民网“求真”栏目#求真#滚动新闻#本网原创#,人民网北京7月18日电 （周静圆）7月16日晚，在浙江宁波，有网友发视频称，一医院护士在抢救过程中玩手机，视频发出后引发关注。通报称，该护士为象山县第一人民医院儿科副护士长。通报中介绍，视频中发生的时间约在14时55分，视频中的护士长和医生已连续进行长时间的心肺复苏操作，该护士长通过手机免提呼叫另一护士前来协助抢救。在另一护士到岗协助后，该护士长去现场叫了本想用手机呼叫的医生前来继续协助抢救。  象山县卫生健康局表示，下步，将妥善处理好相关后续事宜。    情况说明截图。,http://society.people.com.cn/n1/2022/0718/c1008-32478615.html
1000032372849,出台护士法解决护理人员缺口问题,,2022-03-11 08:54:00,,#履#,据国家统计局数据显示，截至2021年，我国注册护士达到502万人，但每千人拥有的护士数量仍偏低。  如何改变这种供需矛盾现状？李秀华建议尽快出台护士法。“目前我国实施的《护士条例》是行政法规，在护士权利保障的强制性和约束性方面较弱。”李秀华认为，出台护士法，能够从法律制度层面维护护士合法权益，加强护士队伍建设。全国人大代表、湖南省岳阳市人民医院门诊部主任胡春莲也在今年领衔提交了关于加快制定护士法的议案。她补充指出，出台护士法，不仅有助于提升社会对护士的尊重，更有助于解决护理工作中的实际问题。比如进一步明晰护理事业发展中需要界定的基本业务范围、处方权限，以及各类专科护士的准入条件、执业范围及管理规则等。  谈及护理工作，护工又是一个绕不开的群体，一直以来，围绕护工的“存留”问题，争议不断。在全国政协委员、复旦大学附属中山医院副院长朱同玉看来，随着我国人口老龄化，医疗和生活护理需求矛盾凸显，一方面护士离职率高，另一方面护工服务和管理规范性问题又极为突出，反映了我国护理体系亟待完善。,http://npclz.people.cn/n1/2022/0311/c437277-32372849.html
2000035172852,她背起患者紧急就医 江津这位护士很暖心,,2022-03-14 12:05:00,,#区县动态#健康#,正打算去接水的一名护士经过简单询问后，急忙弯身准备搀扶该女子，送至急诊科。可女子一动就喊痛，豆大的汗珠从额头流下，该护士立即蹲下身体，“来，我背你过去！”。    监控截图。江津区中医院供图  　　护士背起女子，三步并作两步，连忙向急诊科跑去。上午10时，总务科科长谭刚在调监控时，无意看到了这名护士背患者路过的影像，立即拍下截图发到医院工作群里为该护士点赞。与此同时，我们才知道，这名护士是李万英。“李万英虽然是一名老护士，但她认真工作、勤于学习的劲一点也不输给年轻的护士。”急诊科护士长胡利霞说到。  　　“护士，你那个满意度二维码，我扫一下。”“我也扫一下。”,http://cq.people.com.cn/n2/2022/0314/c367642-35172852.html
1000032327417,人民热评：护工和护士的错位，不正常！,,2022-01-10 08:15:00,,#每日最新评论#人民热评#观点#社会·民生#,护士，护工，尽管都姓护，但身份大不同，一个属于医院，一个属于第三方机构，护工通常由跟医院合作的公司派驻。问题是，在一些医院，很多本该是护士干的活，都推给护工，让患者家属掏钱请护工，护士俨然成了甩手掌柜，“除了输液、分药、测量体温，啥也不干”，这很不正常。显然，要解决患者的痛点，纾解公众对护士的不理解、对护工的“偏见”，最需要通过行之有效的制度安排，形成共识，实现多赢。当前，应尽全力化解护士短缺的现象。有朝一日护士供应充足了，也要督促医院担起责任，不让护士当甩锅侠。  同时，应加强对护工的监管，着力消除入职门槛低、专业素养差等乱象。护工跟生命打交道，如果缺乏责任心，缺乏基本技能，后果不堪设想。毋庸置疑，绝大多数护士都是尽职尽责的，而从整体看，很多护工都值得信赖。但是，个别害群之马确实影响整个行业发展。,http://opinion.people.com.cn/n1/2022/0110/c436867-32327417.html
2000035265685,百色市人民医院召开2022年“5·12”国际护士节表彰大会,,2022-05-12 17:07:00,,#科教文卫#吴明江#广西频道#,5月10日，百色市人民医院在门诊大楼九楼学术厅举办2022年“5·12”国际护士节表彰大会，并以“关爱护士队伍，护佑人民健康”为主题开展一系列庆祝活动。    百色市人民医院党委书记李廷阳作总结讲话。在新冠肺炎疫情防控工作中，全院护士英勇无畏冲向疫情防控第一线，为打赢疫情防控阻击战、保障人民群众生命安全和身体健康作出了重要贡献。李乃松摄    优秀护士表彰。李乃松摄    颁奖仪式现场。李乃松摄  会上，班副植宣读表彰文件，对肾内科等5个“优质护理服务先进科室”、梁慧等10名“优秀护士长”、黄雪莲等42名“优秀护士”、彭玉美等34名“服务之星”以及黄腊梅等90名“优秀抗疫护士”进行了表彰；对农凤琳等7名在临床护理岗位工作30年的护士颁发证书；对朱麦颖等9名在“我的抗疫故事”征文比赛中获奖颁发证书。,http://gx.people.com.cn/n2/2022/0512/c179409-35265685.html
2000035265690,国际护士节，走近西安医学院第三附属医院里的“阳光男护们”,,2022-05-12 17:14:00,,#全媒制作#,    5月12日是国际护士节，今年的主题是“关爱护士队伍 护佑人民健康”。据国家卫健委统计，到2021年底，全国500多万护士当中，男性护士比例占到3%，这个比例较之前有所提高，但随着医疗卫生事业的发展，许多岗位对男性护士仍有很大需求。然而，在多数人眼里，护士是一份专属女性的职业，很多患者不愿意接受男护士的护理，他们面对着周围环境的诸多压力和质疑声。,http://sn.people.com.cn/n2/2022/0512/c347857-35265690.html
2000040005179,老人突发疾病倒地 90后护士紧急施救,,2022-06-22 07:58:02,,#四川频道#社会#,　　近日，一则“自贡一老人下车突发疾病倒地，路遇某医院外科护士上前帮忙”的视频在网上热传，记者经多方联系，确认这名热心护士系四川自贡市中医医院外科25岁的护士周琴。 　　,http://sc.people.com.cn/n2/2022/0622/c345459-40005179.html
2000040006798,海口公交一男子突发疾病 巧遇护士紧急救助,,2022-06-22 23:40:21,,#海南新闻#自采稿件库#社会法治#樊欢迪#李浩蓉#刘杨#,，打120可能来不及，麻烦改道去最近的医院……”6月17日清晨6点10分左右，海口30路公交车上发生紧急一幕，一位年纪约50岁的男乘客在公交上突然口吐白沫、抽搐不止，坐在他后排的海口市人民医院胸部外科护士李文娟发现了异样李浩蓉摄 护士长黄春珍告诉记者，“她从事临床工作已有15年，工作踏实且为人和善，是非常优秀的护士代表。”  李文娟的荣誉证书。谈及此次救助过程，李文娟说，“不管穿没穿工作服，我都是护士，这都是我应该做的。”,http://hi.people.com.cn/n2/2022/0622/c338424-40006798.html
2000040093238,凌云县人民医院举行2022年“医师节”“护士节”表彰大会暨文艺晚会,,2022-08-23 16:10:09,,#广西频道#凌云县卫生健康局#医院传真#,心怀使命，肩负重托，在逆境中奋进，在挑战中前行；特别是医院成功晋级二甲医院以后，医院步入了快速发展期，学科建设不断完善，医院整体医疗服务能力逐步提升，这些成绩的取得与日夜战斗在救死扶伤第一线的医师们、护士们密不可分希望全体医师、护士牢记守护人民健康初心和使命，“医”心向党，立足岗位作贡献，在新的赶考路上奋发有为、担当作为，努力为人民群众提供高质量的医疗服务。“我宣誓：我志愿献身人类的健康事业，自觉维护医学的尊严和神圣，敬佑生命，救死扶伤，平等仁爱，尊师重道……”在朱征西的领誓下，参会的全体医师、护士庄严重温医师誓词，让铮铮誓言铭记于心。大会还对表现突出的优秀科主任、优秀医生、优秀医务工作者、优秀护士长、优秀护士、优质护理服务先进集体，以及在医院感染管理及胸痛中心知识竞赛，穿脱防护服、七步洗手法比赛，双人心肺复苏比赛，“疑难病例PPT演讲,http://gx.people.com.cn/n2/2022/0823/c404698-40093238.html
2000034715453,新护士入职,,2021-05-09 16:41:53,,#图片影像#滚动新闻#北京频道#社会民生#,　　5月8日，北京石景山区卫生健康委委托区医学会举办“2021年石景山区纪念国际护士节暨优秀护士表彰大会”，相关人员200余人参加大会。大会上，护理标兵及优秀护理工作者代表获颁荣誉证书。“南丁格尔奖章”获得者、解放军总医院南楼临床部原总护士长、999急救中心副院长王雅屏致辞并向新入职护士授护士帽，新入职护士进行宣誓。图为王雅屏向新护士授帽。文并摄/本报记者 袁艺,http://bj.people.com.cn/n2/2021/0509/c14540-34715453.html
2000035267083,湟中：抗疫一线的护士节 尽责不负荣光,,2022-05-13 11:26:00,,#湟中#青海频道#滚动新闻#,——你说这是战乱时期的将士，我说这是疫情当下的护士，护士亦是战士！护士是一份神圣却艰难的工作，疫情当下这一点更为明显。    医护人员。,http://qh.people.com.cn/n2/2022/0513/c402562-35267083.html
2000040034661,南京老人突发昏厥 护士路过紧急施救,,2022-07-12 15:30:13,,#江苏频道#社会#地市#滚动#南京新闻#,南京的一位老人，在路边突发昏厥，正巧一位护士从老人身边路过，立即伸出了援手。南京龙蟠结石医院泌尿外科护士曹美玲告诉记者，当时自己正好带小孩上跳舞课，突然发现一个老人倒地了，旁边也没什么人，于是就把包和小孩放在一边，过去看了一下。,http://js.people.com.cn/n2/2022/0712/c360303-40034661.html
